{
  "type": "minecraft:chest",
  "pools": [
    {
      "rolls": {
        "min": 1,
        "max": 3
      },
      "entries": [
        {
          "type": "minecraft:item",
          "name": "minecraft:carrot",
          "weight": 4,
          "functions": [
            {
              "function": "set_count",
              "count": {
                "min": 12,
                "max": 64
              }
            }
          ]
        },
        {
          "type": "minecraft:item",
          "name": "minecraft:sweet_berries",
          "weight": 4,
          "functions": [
            {
              "function": "set_count",
              "count": {
                "min": 12,
                "max": 64
              }
            }
          ]
        },
        {
          "type": "minecraft:item",
          "name": "minecraft:glow_berries",
          "weight": 2,
          "functions": [
            {
              "function": "set_count",
              "count": {
                "min": 12,
                "max": 64
              }
            }
          ]
        },
        {
          "type": "minecraft:item",
          "name": "minecraft:potato",
          "weight": 4,
          "functions": [
            {
              "function": "set_count",
              "count": {
                "min": 12,
                "max": 64
              }
            }
          ]
        },
        {
          "type": "minecraft:item",
          "name": "minecraft:beetroot",
          "weight": 3,
          "functions": [
            {
              "function": "set_count",
              "count": {
                "min": 12,
                "max": 32
              }
            }
          ]
        },
        {
          "type": "minecraft:item",
          "name": "minecraft:cocoa_beans",
          "weight": 2,
          "functions": [
            {
              "function": "set_count",
              "count": {
                "min": 12,
                "max": 32
              }
            }
          ]
        },
        {
          "type": "minecraft:item",
          "name": "minecraft:kelp",
          "weight": 4,
          "functions": [
            {
              "function": "set_count",
              "count": {
                "min": 12,
                "max": 64
              }
            }
          ]
        },
        {
          "type": "minecraft:item",
          "name": "minecraft:melon",
          "weight": 3,
          "functions": [
            {
              "function": "set_count",
              "count": {
                "min": 4,
                "max": 16
              }
            }
          ]
        },
        {
          "type": "minecraft:item",
          "name": "minecraft:pumpkin",
          "weight": 3,
          "functions": [
            {
              "function": "set_count",
              "count": {
                "min": 4,
                "max": 16
              }
            }
          ]
        },
        {
          "type": "minecraft:item",
          "name": "minecraft:brown_mushroom",
          "weight": 3,
          "functions": [
            {
              "function": "set_count",
              "count": {
                "min": 12,
                "max": 32
              }
            }
          ]
        },
        {
          "type": "minecraft:item",
          "name": "minecraft:bamboo",
          "weight": 3,
          "functions": [
            {
              "function": "set_count",
              "count": {
                "min": 12,
                "max": 64
              }
            }
          ]
        },
        {
          "type": "minecraft:item",
          "name": "minecraft:sugar_cane",
          "weight": 3,
          "functions": [
            {
              "function": "set_count",
              "count": {
                "min": 12,
                "max": 32
              }
            }
          ]
        },
        {
          "type": "minecraft:item",
          "name": "minecraft:cactus",
          "weight": 3,
          "functions": [
            {
              "function": "set_count",
              "count": {
                "min": 12,
                "max": 32
              }
            }
          ]
        },
        {
          "type": "minecraft:tag",
          "name": "forge:seeds",
          "expand": true,
          "weight": 2
        },
        {
          "type": "minecraft:tag",
          "name": "minecraft:saplings",
          "expand": true,
          "weight": 1
        }
      ]
    }
  ]
}
