{
  "type": "minecraft:chest",
  "pools": [
    {
      "rolls": {
        "min": 1,
        "max": 3
      },
      "entries": [
        {
          "type": "minecraft:item",
          "name": "cbcmodernwarfare:ap_mediumcannon_cartridge",
          "weight": 8,
          "functions": [
            {
              "function": "set_count",
              "count": {
                "min": 18,
                "max": 32
              }
            },
            {
              "function": "minecraft:set_nbt",
              "tag": "{Projectile:{Count:1b,id:\"cbcmodernwarfare:ap_mediumcannon_round\"}}"
            }
          ]
        },
        {
          "type": "minecraft:item",
          "name": "cbcmodernwarfare:aphe_mediumcannon_cartridge",
          "weight": 5,
          "functions": [
            {
              "function": "set_count",
              "count": {
                "min": 12,
                "max": 24
              }
            },
            {
              "function": "minecraft:set_nbt",
              "tag": "{Projectile:{Count:1b,id:\"cbcmodernwarfare:aphe_mediumcannon_round\"}}"
            }
          ]
        },
        {
          "type": "minecraft:item",
          "name": "cbcmodernwarfare:apds_mediumcannon_cartridge",
          "weight": 3,
          "functions": [
            {
              "function": "set_count",
              "count": {
                "min": 12,
                "max": 24
              }
            },
            {
              "function": "minecraft:set_nbt",
              "tag": "{Projectile:{Count:1b,id:\"cbcmodernwarfare:apds_mediumcannon_round\"}}"
            }
          ]
        },
        {
          "type": "minecraft:item",
          "name": "cbcmodernwarfare:apfsds_mediumcannon_cartridge",
          "weight": 2,
          "functions": [
            {
              "function": "set_count",
              "count": {
                "min": 12,
                "max": 32
              }
            },
            {
              "function": "minecraft:set_nbt",
              "tag": "{Projectile:{Count:1b,id:\"cbcmodernwarfare:apfsds_mediumcannon_round\"}}"
            }
          ]
        },
        {
          "type": "minecraft:item",
          "name": "cbcmodernwarfare:he_mediumcannon_cartridge",
          "weight": 8,
          "functions": [
            {
              "function": "set_count",
              "count": {
                "min": 18,
                "max": 32
              }
            },
            {
              "function": "minecraft:set_nbt",
              "tag": "{Projectile:{Count:1b,id:\"cbcmodernwarfare:he_mediumcannon_round\"}}"
            }
          ]
        },
        {
          "type": "minecraft:item",
          "name": "cbcmodernwarfare:smoke_mediumcannon_cartridge",
          "weight": 2,
          "functions": [
            {
              "function": "set_count",
              "count": {
                "min": 4,
                "max": 16
              }
            },
            {
              "function": "minecraft:set_nbt",
              "tag": "{Projectile:{Count:1b,id:\"cbcmodernwarfare:smoke_mediumcannon_round\"}}"
            }
          ]
        }
      ]
    }
  ]
}
