{
  "type": "minecraft:chest",
  "pools": [
    {
      "rolls": {
        "min": 2,
        "max": 4
      },
      "entries": [
        {
          "type": "minecraft:item",
          "name": "minecraft:iron_ingot",
          "weight": 12,
          "functions": [
            {
              "function": "set_count",
              "count": {
                "min": 12,
                "max": 56
              }
            }
          ]
        },
        {
          "type": "minecraft:item",
          "name": "minecraft:coal",
          "weight": 3,
          "functions": [
            {
              "function": "set_count",
              "count": {
                "min": 12,
                "max": 48
              }
            }
          ]
        },
        {
          "type": "minecraft:item",
          "name": "minecraft:copper_ingot",
          "weight": 4,
          "functions": [
            {
              "function": "set_count",
              "count": {
                "min": 12,
                "max": 36
              }
            }
          ]
        },
        {
          "type": "minecraft:item",
          "name": "minecraft:redstone",
          "weight": 3,
          "functions": [
            {
              "function": "set_count",
              "count": {
                "min": 8,
                "max": 48
              }
            }
          ]
        },
        {
          "type": "minecraft:item",
          "name": "minecraft:charcoal",
          "weight": 2,
          "functions": [
            {
              "function": "set_count",
              "count": {
                "min": 16,
                "max": 48
              }
            }
          ]
        },
        {
          "type": "minecraft:item",
          "name": "minecraft:flint",
          "weight": 1,
          "functions": [
            {
              "function": "set_count",
              "count": {
                "min": 1,
                "max": 4
              }
            }
          ]
        },
        {
          "type": "minecraft:item",
          "name": "minecraft:gunpowder",
          "weight": 6,
          "functions": [
            {
              "function": "set_count",
              "count": {
                "min": 8,
                "max": 16
              }
            }
          ]
        },
        {
          "type": "minecraft:item",
          "name": "create:andesite_alloy",
          "weight": 6,
          "functions": [
            {
              "function": "set_count",
              "count": {
                "min": 12,
                "max": 32
              }
            }
          ]
        },
        {
          "type": "minecraft:item",
          "name": "create:zinc_ingot",
          "weight": 3,
          "functions": [
            {
              "function": "set_count",
              "count": {
                "min": 4,
                "max": 24
              }
            }
          ]
        },
        {
          "type": "minecraft:item",
          "name": "immersiveengineering:ingot_lead",
          "weight": 2,
          "functions": [
            {
              "function": "set_count",
              "count": {
              "min": 12,
              "max": 32
              }
            }
          ]
        },
        {
          "type": "minecraft:item",
          "name": "immersiveengineering:ingot_silver",
          "weight": 2,
          "functions": [
            {
              "function": "set_count",
              "count": {
              "min": 12,
              "max": 32
              }
            }
          ]
        },
        {
          "type": "minecraft:item",
          "name": "immersiveengineering:ingot_nickel",
          "weight": 1,
          "functions": [
            {
              "function": "set_count",
              "count": {
              "min": 12,
              "max": 32
              }
            }
          ]
        },
        {
          "type": "minecraft:item",
          "name": "immersiveengineering:ingot_uranium",
          "weight": 1,
          "functions": [
            {
              "function": "set_count",
              "count": {
              "min": 8,
              "max": 24
              }
            }
          ]
        }
      ]
    }
  ]
}
