{
  "type": "minecraft:crafting_shaped",
  "conditions": [
    {
      "type": "sophisticatedcore:item_enabled",
      "itemRegistryName": "sophisticatedbackpacks:inception_upgrade"
    }
  ],
  "key": {
    "B": {
      "item": "sophisticatedbackpacks:upgrade_base"
    },
    "D": {
      "tag": "forge:gems/diamond"
    },
    "E": {
      "item": "minecraft:ender_eye"
    },
    "S": {
      "tag": "forge:nether_stars"
    }
  },
  "pattern": [
    "ESE",
    "DBD",
    "EDE"
  ],
  "result": {
    "item": "minecraft:air"
  }
}