{
  "type": "sophisticatedcore:upgrade_next_tier",
  "conditions": [
    {
      "type": "sophisticatedcore:item_enabled",
      "itemRegistryName": "sophisticatedbackpacks:magnet_upgrade"
    }
  ],
  "key": {
    "E": {
      "tag": "minecraft:chorus_flower"
    },
    "I": {
      "tag": "forge:ingots/iron"
    },
    "L": {
      "tag": "forge:gems/lapis"
    },
    "P": {
      "item": "sophisticatedbackpacks:pickup_upgrade"
    },
    "R": {
      "tag": "forge:dusts/redstone"
    }
  },
  "pattern": [
    "EIE",
    "IPI",
    "R L"
  ],
  "result": {
    "item": "sophisticatedbackpacks:magnet_upgrade"
  }
}