{
  "type": "minecraft:crafting_shaped",
  "conditions": [
    {
      "type": "sophisticatedcore:item_enabled",
      "itemRegistryName": "sophisticatedbackpacks:refill_upgrade"
    }
  ],
  "key": {
    "B": {
      "item": "sophisticatedbackpacks:upgrade_base"
    },
    "C": {
      "tag": "forge:chests/wooden"
    },
    "E": {
      "tag": "minecraft:chorus_flower"
    },
    "I": {
      "tag": "forge:ingots/iron"
    },
    "R": {
      "tag": "forge:dusts/redstone"
    }
  },
  "pattern": [
    " E ",
    "IBI",
    "RCR"
  ],
  "result": {
    "item": "sophisticatedbackpacks:refill_upgrade"
  }
}