{
  "type": "minecraft:crafting_shaped",
  "conditions": [
    {
      "type": "sophisticatedcore:item_enabled",
      "itemRegistryName": "sophisticatedbackpacks:void_upgrade"
    }
  ],
  "key": {
    "B": {
      "item": "sophisticatedbackpacks:upgrade_base"
    },
    "E": {
      "tag": "minecraft:chorus_flower"
    },
    "O": {
      "tag": "forge:obsidian"
    },
    "R": {
      "tag": "forge:dusts/redstone"
    }
  },
  "pattern": [
    " E ",
    "OBO",
    "ROR"
  ],
  "result": {
    "item": "sophisticatedbackpacks:void_upgrade"
  }
}