{
  "criteria": {
    "find_comparable": {
      "conditions": {
        "player": [
          {
            "condition": "minecraft:entity_properties",
            "entity": "this",
            "predicate": {
              "location": {
                "structure": "warshiparise:comparable"
              }
            }
          }
        ]
      },
      "trigger": "minecraft:location"
    }
  },
  "display": {
    "announce_to_chat": true,
    "description": {
      "translate": "advancement.warshiparise.find_comparable.description"
    },
    "frame": "task",
    "hidden": false,
    "icon": {
      "item": "minecraft:oak_boat"
    },
    "show_toast": true,
    "title": {
      "translate": "advancement.warshiparise.find_comparable.title"
    }
  },
  "parent": "warshiparise:start",
  "requirements": [
    [
      "find_comparable"
    ]
  ],
  "sends_telemetry_event": true
}