{
  "type": "minecraft:chest",
  "pools": [
    {
      "rolls": {
        "min": 1,
        "max": 2
      },
      "entries": [
        {
          "type": "minecraft:item",
          "name": "create:goggles",
          "weight": 1,
          "functions": [
            {
              "function": "minecraft:set_nbt",
              "tag": "{AttributeModifiers:[{Amount:4.0d,AttributeName:\"minecraft:generic.armor\",Operation:0,Slot:\"head\",UUID:[I;31889513,-615100765,-1235365791,-989286056]}]}"
            }
          ]
        },
        {
          "type": "minecraft:item",
          "name": "create:potato_cannon",
          "weight": 3,
          "functions": [
            {
              "function": "minecraft:enchant_with_levels",
              "levels": 15
            }
          ]
        },
        {
          "type": "minecraft:item",
          "name": "create:netherite_backtank",
          "weight": 1,
          "functions": [
            {
              "function": "minecraft:enchant_with_levels",
              "levels": 12
            }
          ]
        },
        {
          "type": "minecraft:item",
          "name": "immersiveengineering:powerpack",
          "weight": 1,
          "functions": [
            {
              "function": "minecraft:set_nbt",
              "tag": "{energy:2000000}"
            }
          ]
        },
        {
          "type": "minecraft:item",
          "name": "immersiveengineering:revolver",
          "weight": 5
        },
        {
          "type": "minecraft:item",
          "name": "immersiveengineering:railgun",
          "weight": 4,
          "functions": [
            {
              "function": "minecraft:set_nbt",
              "tag": "{upgrades:{speed:1.0f}}"
            }
          ]
        },
        {
          "type": "minecraft:item",
          "name": "immersiveengineering:chemthrower",
          "weight": 4
        },
        {
          "type": "minecraft:item",
          "name": "immersiveengineering:casull",
          "weight": 2,
          "functions": [
            {
              "function": "set_count",
              "count": {
              "min": 128,
              "max": 384
              }
            }
          ]
        },
        {
          "type": "minecraft:item",
          "name": "immersiveengineering:armor_piercing",
          "weight": 1,
          "functions": [
            {
              "function": "set_count",
              "count": {
              "min": 128,
              "max": 256
              }
            }
          ]
        },
        {
          "type": "minecraft:item",
          "name": "immersiveengineering:buckshot",
          "weight": 1,
          "functions": [
            {
              "function": "set_count",
              "count": {
              "min": 128,
              "max": 256
              }
            }
          ]
        }
      ]
    }
  ]
}
