{
  "type": "minecraft:chest",
  "pools": [
    {
      "rolls": {
        "min": 1,
        "max": 3
      },
      "entries": [
        {
          "type": "minecraft:item",
          "name": "createbigcannons:steel_autocannon_breech",
          "weight": 2,
          "functions": [
            {
              "function": "set_count",
              "count": {
                "min": 1,
                "max": 1
              }
            }
          ]
        },
        {
          "type": "minecraft:item",
          "name": "createbigcannons:steel_autocannon_recoil_spring",
          "weight": 2,
          "functions": [
            {
              "function": "set_count",
              "count": {
                "min": 1,
                "max": 2
              }
            }
          ]
        },
        {
          "type": "minecraft:item",
          "name": "createbigcannons:steel_autocannon_barrel",
          "weight": 4,
          "functions": [
            {
              "function": "set_count",
              "count": {
                "min": 2,
                "max": 7
              }
            }
          ]
        }
      ]
    },
    {
      "rolls": {
        "min": 1,
        "max": 2
      },
      "entries": [
        {
          "type": "minecraft:item",
          "name": "createbigcannons:autocannon_cartridge",
          "weight": 4,
          "functions": [
            {
              "function": "set_count",
              "count": {
                "min": 8,
                "max": 32
              }
            },
            {
              "function": "set_nbt",
              "tag": "{Projectile: {Count: 1b,id: \"createbigcannons:ap_autocannon_round\"}}"
            }
          ]
        },
        {
          "type": "minecraft:item",
          "name": "createbigcannons:autocannon_cartridge",
          "weight": 4,
          "functions": [
            {
              "function": "set_count",
              "count": {
                "min": 8,
                "max": 32
              }
            },
            {
              "function": "set_nbt",
              "tag": "{Projectile: {Count: 1b,id: \"createbigcannons:flak_autocannon_round\"}}"
            }
          ]
        },
        {
          "type": "minecraft:item",
          "name": "createbigcannons:tracer_tip",
          "weight": 2,
          "functions": [
            {
              "function": "set_count",
              "count": {
                "min": 4,
                "max": 16
              }
            }
          ]
        },
        {
          "type": "minecraft:item",
          "name": "createbigcannons:machine_gun_round",
          "weight": 5,
          "functions": [
            {
              "function": "set_count",
              "count": {
                "min": 16,
                "max": 64
              }
            }
          ]
        }
      ]
    }
  ]
}
