{
  "type": "minecraft:chest",
  "pools": [
    {
      "rolls": {
        "min": 1,
        "max": 2
      },
      "entries": [
        {
          "type": "minecraft:item",
          "name": "railways:slashed_locometal",
          "weight": 2,
          "functions": [
            {
              "function": "set_count",
              "count": {
              "min": 48,
              "max": 128
              }
            }
          ]
        },
        {
          "type": "minecraft:item",
          "name": "railways:riveted_locometal",
          "weight": 2,
          "functions": [
            {
              "function": "set_count",
              "count": {
              "min": 48,
              "max": 128
              }
            }
          ]
        },
        {
          "type": "minecraft:item",
          "name": "railways:locometal_pillar",
          "weight": 2,
          "functions": [
            {
              "function": "set_count",
              "count": {
              "min": 48,
              "max": 128
              }
            }
          ]
        },
        {
          "type": "minecraft:item",
          "name": "railways:locometal_smokebox",
          "weight": 2,
          "functions": [
            {
              "function": "set_count",
              "count": {
              "min": 48,
              "max": 128
              }
            }
          ]
        },
        {
          "type": "minecraft:item",
          "name": "railways:plated_locometal",
          "weight": 2,
          "functions": [
            {
              "function": "set_count",
              "count": {
              "min": 48,
              "max": 128
              }
            }
          ]
        },
        {
          "type": "minecraft:item",
          "name": "railways:flat_slashed_locometal",
          "weight": 2,
          "functions": [
            {
              "function": "set_count",
              "count": {
              "min": 48,
              "max": 128
              }
            }
          ]
        },
        {
          "type": "minecraft:item",
          "name": "railways:flat_riveted_locometal",
          "weight": 2,
          "functions": [
            {
              "function": "set_count",
              "count": {
              "min": 48,
              "max": 128
              }
            }
          ]
        },
        {
          "type": "minecraft:item",
          "name": "railways:brass_wrapped_locometal",
          "weight": 2,
          "functions": [
            {
              "function": "set_count",
              "count": {
              "min": 48,
              "max": 128
              }
            }
          ]
        },
        {
          "type": "minecraft:item",
          "name": "railways:copper_wrapped_locometal",
          "weight": 2,
          "functions": [
            {
              "function": "set_count",
              "count": {
              "min": 48,
              "max": 128
              }
            }
          ]
        },
        {
          "type": "minecraft:item",
          "name": "railways:iron_wrapped_locometal",
          "weight": 2,
          "functions": [
            {
              "function": "set_count",
              "count": {
              "min": 48,
              "max": 128
              }
            }
          ]
        },
        {
          "type": "minecraft:item",
          "name": "cbcmodernwarfare:composite_block",
          "weight": 1,
          "functions": [
            {
              "function": "set_count",
              "count": {
              "min": 32,
              "max": 128
              }
            }
          ]
        },
        {
          "type": "minecraft:item",
          "name": "cbcmodernwarfare:carbon_steel_block",
          "weight": 1,
          "functions": [
            {
              "function": "set_count",
              "count": {
              "min": 32,
              "max": 128
              }
            }
          ]
        }
      ]
    }
  ]
}
