{
  "type": "minecraft:chest",
  "pools": [
    {
      "rolls": {
        "min": 1,
        "max": 2
      },
      "entries": [
        {
          "type": "minecraft:item",
          "name": "create:potato_cannon",
          "weight": 3,
          "functions": [
            {
              "function": "minecraft:set_nbt",
              "tag": "{Enchantments:[{id:\"minecraft:power\",lvl:7},{id:\"minecraft:unbreaking\",lvl:1},{id:\"minecraft:mending\",lvl:1},{id:\"minecraft:vanishing_curse\",lvl:1}]}"
            }
          ]
        },
        {
          "type": "minecraft:item",
          "name": "minecraft:tipped_arrow",
          "weight": 4,
          "functions": [
            {
              "function": "minecraft:set_nbt",
              "tag": "{CustomPotionEffects:[{Ambient:0b,Amplifier:2,Duration:1,Id:7,ShowIcon:1b,ShowParticles:1b}],Potion:\"minecraft:awkward\"}"
            },
            {
              "function": "set_count",
              "count": {
                "min": 32,
                "max": 96
              }
            }
          ]
        },
        {
          "type": "minecraft:item",
          "name": "minecraft:crossbow",
          "weight": 5,
          "functions": [
            {
              "function": "minecraft:set_nbt",
              "tag": "{Charged:0b,ChargedProjectiles:[],Enchantments:[{id:\"minecraft:multishot\",lvl:1},{id:\"minecraft:quick_charge\",lvl:2},{id:\"minecraft:unbreaking\",lvl:3},{id:\"minecraft:mending\",lvl:1},{id:\"minecraft:vanishing_curse\",lvl:1}],RepairCost:100000}"
            }
          ]
        },
        {
          "type": "minecraft:item",
          "name": "minecraft:crossbow",
          "weight": 3,
          "functions": [
            {
              "function": "minecraft:set_nbt",
              "tag": "{Charged:1b,ChargedProjectiles:[],Enchantments:[{id:\"minecraft:piercing\",lvl:1},{id:\"minecraft:quick_charge\",lvl:4},{id:\"minecraft:unbreaking\",lvl:3},{id:\"minecraft:vanishing_curse\",lvl:1}],RepairCost:900000}"
            }
          ]
        },
        {
          "type": "minecraft:item",
          "name": "immersiveengineering:railgun",
          "weight": 3,
          "functions": [
            {
              "function": "minecraft:set_nbt",
              "tag": "{Enchantments:[{id:\"minecraft:vanishing_curse\",lvl:1}],ammo_slot:10,display:{Lore:['{\"italic\":false,\"color\":\"white\",\"extra\":[{\"text\":\"\"},{\"color\":\"dark_purple\",\"text\":\"额外的射速提升(Extra Fire Rate Bonus)\"}],\"text\":\"\"}'],Name:'{\"italic\":false,\"extra\":[{\"text\":\"\"},{\"color\":\"gold\",\"text\":\"磁小鬼的超级电磁炮\"}],\"text\":\"\"}'},energy:0,upgrades:{speed:2.5f}}"
            }
          ]
        },
        {
          "type": "minecraft:item",
          "name": "immersiveengineering:chemthrower",
          "weight": 3,
          "functions": [
            {
              "function": "minecraft:set_nbt",
              "tag": "{Enchantments:[{id:\"minecraft:vanishing_curse\",lvl:1}],Fluid:{},display:{Lore:['{\"italic\":false,\"color\":\"white\",\"extra\":[{\"text\":\"\"},{\"color\":\"aqua\",\"text\":\"额外的容量提升(Extra Capacity Bonus)\"}],\"text\":\"\"}'],Name:'{\"italic\":false,\"extra\":[{\"text\":\"\"},{\"color\":\"dark_purple\",\"text\":\"喷射战士\"}],\"text\":\"\"}'},upgrades:{capacity:20000}}"
            }
          ]
        },
        {
          "type": "minecraft:item",
          "name": "minecraft:splash_potion",
          "weight": 3,
          "functions": [
            {
              "function": "minecraft:set_nbt",
              "tag": "{CustomPotionEffects:[{Ambient:0b,Amplifier:4,Duration:1,Id:7,ShowIcon:1b,ShowParticles:1b}],Potion:\"minecraft:mundane\"}"
            }
          ]
        },
        {
          "type": "minecraft:item",
          "name": "minecraft:netherite_sword",
          "weight": 3,
          "functions": [
            {
              "function": "minecraft:set_nbt",
              "tag": "{AttributeModifiers:[{Amount:12.0d,AttributeName:\"minecraft:generic.attack_damage\",Operation:0,Slot:\"mainhand\",UUID:[I;-1682968336,-403420633,-1649885945,-377851562]}],Enchantments:[{id:\"minecraft:sharpness\",lvl:5}],RepairCost:900000}"
            }
          ]
        },
        {
          "type": "minecraft:item",
          "name": "minecraft:diamond_helmet",
          "weight": 3,
          "functions": [
            {
              "function": "minecraft:set_nbt",
              "tag": "{AttributeModifiers:[{Amount:3.0d,AttributeName:\"minecraft:generic.attack_damage\",Operation:0,Slot:\"head\",UUID:[I;-1909507476,-782283377,-2071301811,-1493839258]}],Enchantments:[{id:\"minecraft:protection\",lvl:4},{id:\"minecraft:unbreaking\",lvl:1}]}"
            }
          ]
        }
      ]
    }
  ]
}
