{
  "type": "minecraft:chest",
  "pools": [
    {
      "rolls": {
        "min": 2,
        "max": 4
      },
      "entries": [
        {
          "type": "minecraft:item",
          "name": "create:brass_casing",
          "weight": 6,
          "functions": [
            {
              "function": "set_count",
              "count": {
                "min": 8,
                "max": 32
              }
            }
          ]
        },
        {
          "type": "minecraft:item",
          "name": "create:mechanical_crafter",
          "weight": 3,
          "functions": [
            {
              "function": "set_count",
              "count": {
                "min": 1,
                "max": 8
              }
            }
          ]
        },
        {
          "type": "minecraft:item",
          "name": "create:rotation_speed_controller",
          "weight": 2,
          "functions": [
            {
              "function": "set_count",
              "count": {
                "min": 1,
                "max": 2
              }
            }
          ]
        },
        {
          "type": "minecraft:item",
          "name": "create:electron_tube",
          "weight": 3,
          "functions": [
            {
              "function": "set_count",
              "count": {
                "min": 1,
                "max": 8
              }
            }
          ]
        },
        {
          "type": "minecraft:item",
          "name": "create:precision_mechanism",
          "weight": 2,
          "functions": [
            {
              "function": "set_count",
              "count": {
                "min": 1,
                "max": 4
              }
            }
          ]
        },
        {
          "type": "minecraft:item",
          "name": "create:sturdy_sheet",
          "weight": 3,
          "functions": [
            {
              "function": "set_count",
              "count": {
                "min": 2,
                "max": 16
              }
            }
          ]
        },
        {
          "type": "minecraft:item",
          "name": "create:blaze_burner",
          "weight": 2,
          "functions": [
            {
              "function": "set_count",
              "count": {
                "min": 1,
                "max": 4
              }
            }
          ]
        },
        {
          "type": "minecraft:item",
          "name": "create:steam_engine",
          "weight": 1,
          "functions": [
            {
              "function": "set_count",
              "count": {
                "min": 1,
                "max": 3
              }
            }
          ]
        },
        {
          "type": "minecraft:item",
          "name": "create:steam_whistle",
          "weight": 1,
          "functions": [
            {
              "function": "set_count",
              "count": {
                "min": 1,
                "max": 1
              }
            }
          ]
        },
        {
          "type": "minecraft:item",
          "name": "create:mechanical_arm",
          "weight": 1,
          "functions": [
            {
              "function": "set_count",
              "count": {
                "min": 1,
                "max": 2
              }
            }
          ]
        },
        {
          "type": "minecraft:item",
          "name": "create:redstone_link",
          "weight": 3,
          "functions": [
            {
              "function": "set_count",
              "count": {
                "min": 1,
                "max": 7
              }
            }
          ]
        },
        {
          "type": "minecraft:item",
          "name": "create:rose_quartz_lamp",
          "weight": 1,
          "functions": [
            {
              "function": "set_count",
              "count": {
                "min": 1,
                "max": 4
              }
            }
          ]
        },
        {
          "type": "minecraft:item",
          "name": "createendertransmission:fluid_transmitter",
          "weight": 1,
          "functions": [
            {
              "function": "set_count",
              "count": {
              "min": 1,
              "max": 2
              }
            }
          ]
        },
        {
          "type": "minecraft:item",
          "name": "createendertransmission:item_transmitter",
          "weight": 1,
          "functions": [
            {
              "function": "set_count",
              "count": {
              "min": 1,
              "max": 2
              }
            }
          ]
        },
        {
          "type": "minecraft:item",
          "name": "createendertransmission:energy_transmitter",
          "weight": 2,
          "functions": [
            {
              "function": "set_count",
              "count": {
              "min": 1,
              "max": 3
              }
            }
          ]
        },
        {
          "type": "minecraft:item",
          "name": "immersive_aircraft:biplane",
          "weight": 1,
          "functions": [
            {
              "function": "set_count",
              "count": {
              "min": 1,
              "max": 2
              }
            }
          ]
        },
        {
          "type": "minecraft:item",
          "name": "immersive_aircraft:heavy_crossbow",
          "weight": 1,
          "functions": [
            {
              "function": "set_count",
              "count": {
              "min": 1,
              "max": 1
              }
            }
          ]
        },
        {
          "type": "minecraft:item",
          "name": "immersive_aircraft:quadrocopter",
          "weight": 1,
          "functions": [
            {
              "function": "set_count",
              "count": {
              "min": 1,
              "max": 1
              }
            }
          ]
        },
        {
          "type": "minecraft:item",
          "name": "immersive_aircraft:bomb_bay",
          "weight": 1,
          "functions": [
            {
              "function": "set_count",
              "count": {
              "min": 1,
              "max": 1
              }
            }
          ]
        },
        {
          "type": "minecraft:item",
          "name": "immersive_aircraft:enhanced_propeller",
          "weight": 1,
          "functions": [
            {
              "function": "set_count",
              "count": {
              "min": 1,
              "max": 1
              }
            }
          ]
        },
        {
          "type": "minecraft:item",
          "name": "immersive_aircraft:nether_engine",
          "weight": 1,
          "functions": [
            {
              "function": "set_count",
              "count": {
              "min": 1,
              "max": 1
              }
            }
          ]
        }
      ]
    }
  ]
}
