{
  "type": "minecraft:chest",
  "pools": [
    {
      "rolls": {
        "min": 1,
        "max": 2
      },
      "entries": [
        {
          "type": "minecraft:item",
          "name": "create:potato_cannon",
          "weight": 3,
          "functions": [
            {
              "function": "minecraft:enchant_with_levels",
              "levels": 35
            }
          ]
        },
        {
          "type": "minecraft:item",
          "name": "create:netherite_backtank",
          "weight": 1,
          "functions": [
            {
              "function": "minecraft:enchant_with_levels",
              "levels": 30
            }
          ]
        },
        {
          "type": "minecraft:item",
          "name": "minecraft:tipped_arrow",
          "weight": 3,
          "functions": [
            {
              "function": "minecraft:set_nbt",
              "tag": "{CustomPotionEffects:[{Ambient:0b,Amplifier:1,Duration:1,Id:7,ShowIcon:1b,ShowParticles:1b}],Potion:\"minecraft:awkward\"}"
            },
            {
              "function": "set_count",
              "count": {
                "min": 32,
                "max": 128
              }
            }
          ]
        },
        {
          "type": "minecraft:item",
          "name": "minecraft:totem_of_undying",
          "weight": 1,
          "functions": [
            {
              "function": "set_count",
              "count": {
                "min": 1,
                "max": 4
              }
            }
          ]
        },
        {
          "type": "minecraft:item",
          "name": "minecraft:crossbow",
          "weight": 3,
          "functions": [
            {
              "function": "minecraft:enchant_with_levels",
              "levels": 30
            }
          ]
        },
        {
          "type": "minecraft:item",
          "name": "minecraft:netherite_helmet",
          "weight": 2,
          "functions": [
            {
              "function": "minecraft:enchant_with_levels",
              "levels": 30
            }
          ]
        },
        {
          "type": "minecraft:item",
          "name": "minecraft:netherite_chestplate",
          "weight": 2,
          "functions": [
            {
              "function": "minecraft:enchant_with_levels",
              "levels": 30
            }
          ]
        },
        {
          "type": "minecraft:item",
          "name": "minecraft:netherite_leggings",
          "weight": 2,
          "functions": [
            {
              "function": "minecraft:enchant_with_levels",
              "levels": 30
            }
          ]
        },
        {
          "type": "minecraft:item",
          "name": "minecraft:netherite_boots",
          "weight": 2,
          "functions": [
            {
              "function": "minecraft:enchant_with_levels",
              "levels": 30
            }
          ]
        },
        {
          "type": "minecraft:item",
          "name": "minecraft:netherite_sword",
          "weight": 2,
          "functions": [
            {
              "function": "minecraft:enchant_with_levels",
              "levels": 30
            }
          ]
        },
        {
          "type": "minecraft:item",
          "name": "minecraft:netherite_pickaxe",
          "weight": 2,
          "functions": [
            {
              "function": "minecraft:enchant_with_levels",
              "levels": 30
            }
          ]
        },
        {
          "type": "minecraft:item",
          "name": "immersiveengineering:homing",
          "weight": 1,
          "functions": [
            {
              "function": "set_count",
              "count": {
              "min": 48,
              "max": 160
              }
            }
          ]
        },
        {
          "type": "minecraft:item",
          "name": "immersiveengineering:dragons_breath",
          "weight": 2,
          "functions": [
            {
              "function": "set_count",
              "count": {
              "min": 48,
              "max": 160
              }
            }
          ]
        },
        {
          "type": "minecraft:item",
          "name": "immersiveengineering:wolfpack",
          "weight": 1,
          "functions": [
            {
              "function": "set_count",
              "count": {
              "min": 32,
              "max": 128
              }
            }
          ]
        }
      ]
    }
  ]
}
