{
  "structures": [
    {
      "structure": "warshiparise:illagia",
      "weight": 8
    },
    {
      "structure": "warshiparise:admiral_bababoi",
      "weight": 8
    },
    {
      "structure": "warshiparise:perseus",
      "weight": 3
    },
    {
      "structure": "warshiparise:comparable",
      "weight": 6
    },
    {
      "structure": "warshiparise:scarlet",
      "weight": 3
    },
    {
      "structure": "warshiparise:admiral_lauda",
      "weight": 5
    },
    {
      "structure": "warshiparise:pareidolia",
      "weight": 6
    }
  ],
  "placement": {
    "type": "minecraft:random_spread",
    "salt": 305676646,
    "spacing": 72,
    "frequency": 0.8,
    "exclusion_zone": {
      "other_set": {
        "structures": [],
        "placement": {
          "type": "minecraft:concentric_rings",
          "distance": 3,
          "spread": 6,
          "count": 8,
          "preferred_biomes": "#minecraft:is_overworld",
          "salt": 873484758
        }
      },
      "chunk_count": 16
    },
    "separation": 15
  }
}
