{
  "structures": [
    {
      "structure": "warshiparise:thunder",
      "weight": 2
    },
    {
      "structure": "warshiparise:pegasus",
      "weight": 2
    },
    {
      "structure": "warshiparise:parasitic",
      "weight": 1
    },
    {
      "structure": "warshiparise:vencido",
      "weight": 2
    },
    {
      "structure": "warshiparise:atlas",
      "weight": 2
    }
  ],
  "placement": {
    "type": "minecraft:random_spread",
    "salt": 1943822894,
    "frequency": 0.75,
    "spacing": 38,
    "exclusion_zone": {
      "other_set": {
        "structures": [],
        "placement": {
          "type": "minecraft:concentric_rings",
          "distance": 3,
          "spread": 6,
          "count": 8,
          "preferred_biomes": "#minecraft:is_overworld",
          "salt": 873484758
        }
      },
      "chunk_count": 16
    },
    "separation": 12
  }
}
