{"type":"immersiveengineering:mineral_mix","dimensions":["minecraft:overworld"],"fail_chance":0.2,"ores":[{"chance":0.01,"output":{"tag":"forge:ores/emerald"}},{"chance":0.99,"output":{"item":"minecraft:prismarine"}},{"chance":0.3,"conditions":[{"type":"forge:not","value":{"type":"forge:tag_empty","tag":"forge:gems/aquamarine"}}],"output":{"tag":"forge:gems/aquamarine"}}],"spoils":[{"chance":0.2,"output":{"item":"minecraft:gravel"}},{"chance":0.5,"output":{"item":"minecraft:cobblestone"}},{"chance":0.3,"output":{"item":"minecraft:cobbled_deepslate"}}],"weight":5}