{
  "pools": [
    {
      "rolls": {
        "min": 1,
        "max": 3
      },
      "entries": [
        {
          "type": "minecraft:loot_table",
          "name": "warshiparise:chests/resources/resource_equipment",
          "weight": 5
        },
        {
          "type": "minecraft:loot_table",
          "name": "warshiparise:chests/resources/resource_equipment_elite",
          "weight": 4
        },
        {
          "type": "minecraft:loot_table",
          "name": "warshiparise:chests/resources/resource_equipment_epic",
          "weight": 3
        },
        {
          "type": "minecraft:item",
          "name": "vs_eureka:balloon",
          "weight": 3,
          "functions": [
            {
              "function": "set_count",
              "count": {
                "min": 32,
                "max": 128
              }
            }
          ]
        }
      ]
    }
  ]
}
