{
  "pools": [
    {
      "rolls": {
        "min": 1,
        "max": 3
      },
      "entries": [
        {
          "type": "minecraft:loot_table",
          "name": "warshiparise:chests/resources/resource_equipment",
          "weight": 3
        },
        {
          "type": "minecraft:loot_table",
          "name": "warshiparise:chests/resources/resource_equipment_elite",
          "weight": 4
        },
        {
          "type": "minecraft:loot_table",
          "name": "warshiparise:chests/resources/resource_equipment_epic",
          "weight": 1
        }
      ]
    }
  ]
}
