{
  "pools": [
    {
      "rolls": {
        "min": 1,
        "max": 3
      },
      "entries": [
        {
          "type": "minecraft:loot_table",
          "name": "warshiparise:chests/resources/resource_equipment",
          "weight": 5
        },
        {
          "type": "minecraft:loot_table",
          "name": "warshiparise:chests/resources/resource_equipment_elite",
          "weight": 5
        },
        {
          "type": "minecraft:loot_table",
          "name": "warshiparise:chests/resources/resource_equipment_epic",
          "weight": 2
        },
        {
          "type": "minecraft:item",
          "name": "minecraft:written_book",
          "weight": 1,
          "functions": [
            {
              "function": "set_nbt",
              "tag": "{author:\"Cainiao1053\",pages:['{\"text\":\"4药弹道表\\\\nCannon Table for 4 Charges\\\\n近战 - Close Battle\\\\n170m - 3.51 deg\\\\n200m - 4.60 deg\\\\n250m - 6.58 deg\\\\n300m - 8.86 deg\\\\n350m - 11.52 deg\\\\n400m - 14.94 deg\\\\n450m - 19.81 deg\\\\n480m - 21.24 deg  \"}'],resolved:1b,title:\"四药大炮弹道表格\"}"
            }
          ]
        }
      ]
    }
  ]
}
