{
  "pools": [
    {
      "rolls": {
        "min": 4,
        "max": 10
      },
      "entries": [
        {
          "type": "minecraft:loot_table",
          "name": "warshiparise:chests/resources/resource_food_land",
          "weight": 5
        },
        {
          "type": "minecraft:loot_table",
          "name": "warshiparise:chests/resources/resource_food_ocean",
          "weight": 5
        },
        {
          "type": "minecraft:loot_table",
          "name": "warshiparise:chests/resources/resource_food_product",
          "weight": 2
        }
      ]
    }
  ]
}
