{
  "criteria": {
    "start": {
      "trigger": "minecraft:tick"
    }
  },
  "display": {
    "announce_to_chat": true,
    "background": "create_sa:textures/particle/water_cloud.png",
    "description": {
      "translate": "advancement.warshiparise.start.description"
    },
    "frame": "task",
    "hidden": false,
    "icon": {
      "item": "minecraft:heart_of_the_sea"
    },
    "show_toast": true,
    "title": {
      "translate": "advancement.warshiparise.start.title"
    }
  },
  "requirements": [
    [
      "start"
    ]
  ],
  "sends_telemetry_event": true
}