{
  "type": "minecraft:chest",
  "pools": [
    {
      "rolls": {
        "min": 1,
        "max": 2
      },
      "entries": [
        {
          "type": "minecraft:item",
          "name": "minecraft:emerald",
          "weight": 2,
          "functions": [
            {
              "function": "set_count",
              "count": {
                "min": 16,
                "max": 128
              }
            }
          ]
        },
        {
          "type": "minecraft:item",
          "name": "minecraft:gold_ingot",
          "weight": 3,
          "functions": [
            {
              "function": "set_count",
              "count": {
                "min": 8,
                "max": 64
              }
            }
          ]
        }
      ]
    }
  ]
}
