{
  "type": "minecraft:chest",
  "pools": [
    {
      "rolls": {
        "min": 2,
        "max": 4
      },
      "entries": [
        {
          "type": "minecraft:item",
          "name": "cbcmodernwarfare:ap_mediumcannon_cartridge",
          "weight": 16,
          "functions": [
            {
              "function": "set_count",
              "count": {
                "min": 12,
                "max": 24
              }
            }
          ]
        },
        {
          "type": "minecraft:item",
          "name": "cbcmodernwarfare:aphe_mediumcannon_cartridge",
          "weight": 3,
          "functions": [
            {
              "function": "set_count",
              "count": {
                "min": 12,
                "max": 24
              }
            }
          ]
        },
        {
          "type": "minecraft:item",
          "name": "cbcmodernwarfare:apcr_mediumcannon_cartridge",
          "weight": 3,
          "functions": [
            {
              "function": "set_count",
              "count": {
                "min": 12,
                "max": 24
              }
            }
          ]
        },
        {
          "type": "minecraft:item",
          "name": "cbcmodernwarfare:apds_mediumcannon_cartridge",
          "weight": 2,
          "functions": [
            {
              "function": "set_count",
              "count": {
                "min": 12,
                "max": 24
              }
            }
          ]
        },
        {
          "type": "minecraft:item",
          "name": "cbcmodernwarfare:apfsds_mediumcannon_cartridge",
          "weight": 1,
          "functions": [
            {
              "function": "set_count",
              "count": {
                "min": 12,
                "max": 24
              }
            }
          ]
        },
        {
          "type": "minecraft:item",
          "name": "cbcmodernwarfare:canister_mediumcannon_cartridge",
          "weight": 2,
          "functions": [
            {
              "function": "set_count",
              "count": {
                "min": 12,
                "max": 24
              }
            }
          ]
        },
        {
          "type": "minecraft:item",
          "name": "cbcmodernwarfare:he_mediumcannon_cartridge",
          "weight": 3,
          "functions": [
            {
              "function": "set_count",
              "count": {
                "min": 12,
                "max": 24
              }
            }
          ]
        },
        {
          "type": "minecraft:item",
          "name": "cbcmodernwarfare:heap_mediumcannon_cartridge",
          "weight": 1,
          "functions": [
            {
              "function": "set_count",
              "count": {
                "min": 12,
                "max": 24
              }
            }
          ]
        },
        {
          "type": "minecraft:item",
          "name": "cbcmodernwarfare:smoke_mediumcannon_cartridge",
          "weight": 1,
          "functions": [
            {
              "function": "set_count",
              "count": {
                "min": 4,
                "max": 8
              }
            }
          ]
        }
      ]
    }
  ]
}
