{
  "type": "minecraft:chest",
  "pools": [
    {
      "rolls": {
        "min": 1,
        "max": 3
      },
      "entries": [
        {
          "type": "minecraft:item",
          "expand": true,
          "name": "minecraft:white_wool",
          "weight": 6,
          "functions": [
            {
              "function": "set_count",
              "count": {
                "min": 12,
                "max": 48
              }
            }
          ]
        },
        {
          "type": "minecraft:item",
          "expand": true,
          "name": "minecraft:black_wool",
          "weight": 4,
          "functions": [
            {
              "function": "set_count",
              "count": {
                "min": 12,
                "max": 32
              }
            }
          ]
        },
        {
          "type": "minecraft:item",
          "expand": true,
          "name": "minecraft:red_wool",
          "weight": 4,
          "functions": [
            {
              "function": "set_count",
              "count": {
                "min": 12,
                "max": 32
              }
            }
          ]
        },
        {
          "type": "minecraft:item",
          "expand": true,
          "name": "minecraft:blue_wool",
          "weight": 4,
          "functions": [
            {
              "function": "set_count",
              "count": {
                "min": 12,
                "max": 32
              }
            }
          ]
        },
        {
          "type": "minecraft:item",
          "expand": true,
          "name": "minecraft:yellow_wool",
          "weight": 4,
          "functions": [
            {
              "function": "set_count",
              "count": {
                "min": 12,
                "max": 32
              }
            }
          ]
        },
        {
          "type": "minecraft:item",
          "expand": true,
          "name": "minecraft:green_wool",
          "weight": 4,
          "functions": [
            {
              "function": "set_count",
              "count": {
                "min": 12,
                "max": 32
              }
            }
          ]
        },
        {
          "type": "minecraft:item",
          "expand": true,
          "name": "minecraft:brown_wool",
          "weight": 4,
          "functions": [
            {
              "function": "set_count",
              "count": {
                "min": 12,
                "max": 32
              }
            }
          ]
        },
        {
          "type": "minecraft:item",
          "expand": true,
          "name": "minecraft:white_dye",
          "weight": 3,
          "functions": [
            {
              "function": "set_count",
              "count": {
                "min": 8,
                "max": 24
              }
            }
          ]
        },
        {
          "type": "minecraft:item",
          "expand": true,
          "name": "minecraft:red_dye",
          "weight": 3,
          "functions": [
            {
              "function": "set_count",
              "count": {
                "min": 8,
                "max": 24
              }
            }
          ]
        },
        {
          "type": "minecraft:item",
          "expand": true,
          "name": "minecraft:blue_dye",
          "weight": 3,
          "functions": [
            {
              "function": "set_count",
              "count": {
                "min": 8,
                "max": 24
              }
            }
          ]
        },
        {
          "type": "minecraft:item",
          "expand": true,
          "name": "minecraft:green_dye",
          "weight": 3,
          "functions": [
            {
              "function": "set_count",
              "count": {
                "min": 8,
                "max": 24
              }
            }
          ]
        },
        {
          "type": "minecraft:item",
          "expand": true,
          "name": "minecraft:yellow_dye",
          "weight": 3,
          "functions": [
            {
              "function": "set_count",
              "count": {
                "min": 8,
                "max": 24
              }
            }
          ]
        },
        {
          "type": "minecraft:item",
          "expand": true,
          "name": "minecraft:brown_dye",
          "weight": 3,
          "functions": [
            {
              "function": "set_count",
              "count": {
                "min": 8,
                "max": 24
              }
            }
          ]
        },
        {
          "type": "minecraft:item",
          "expand": true,
          "name": "minecraft:string",
          "weight": 4,
          "functions": [
            {
              "function": "set_count",
              "count": {
                "min": 8,
                "max": 32
              }
            }
          ]
        }
      ]
    }
  ]
}
