{
  "type": "minecraft:chest",
  "pools": [
    {
      "rolls": {
        "min": 1,
        "max": 2
      },
      "entries": [
        {
          "type": "minecraft:item",
          "name": "createbigcannons:solid_shot",
          "weight": 4,
          "functions": [
            {
              "function": "set_count",
              "count": {
                "min": 4,
                "max": 24
              }
            }
          ]
        },
        {
          "type": "minecraft:item",
          "name": "createbigcannons:ap_shot",
          "weight": 6,
          "functions": [
            {
              "function": "set_count",
              "count": {
                "min": 4,
                "max": 24
              }
            }
          ]
        },
        {
          "type": "minecraft:item",
          "name": "createbigcannons:bag_of_grapeshot",
          "weight": 4,
          "functions": [
            {
              "function": "set_count",
              "count": {
                "min": 4,
                "max": 24
              }
            }
          ]
        },
        {
          "type": "minecraft:item",
          "name": "createbigcannons:he_shell",
          "weight": 4,
          "functions": [
            {
              "function": "set_count",
              "count": {
                "min": 4,
                "max": 24
              }
            }
          ]
        },
        {
          "type": "minecraft:item",
          "name": "createbigcannons:ap_shell",
          "weight": 4,
          "functions": [
            {
              "function": "set_count",
              "count": {
                "min": 4,
                "max": 24
              }
            }
          ]
        },
        {
          "type": "minecraft:item",
          "name": "createbigcannons:shrapnel_shell",
          "weight": 2,
          "functions": [
            {
              "function": "set_count",
              "count": {
                "min": 4,
                "max": 24
              }
            }
          ]
        },
        {
          "type": "minecraft:item",
          "name": "createbigcannons:fluid_shell",
          "weight": 1,
          "functions": [
            {
              "function": "set_count",
              "count": {
                "min": 4,
                "max": 24
              }
            }
          ]
        },
        {
          "type": "minecraft:item",
          "name": "createbigcannons:smoke_shell",
          "weight": 1,
          "functions": [
            {
              "function": "set_count",
              "count": {
                "min": 4,
                "max": 24
              }
            }
          ]
        },
        {
          "type": "minecraft:item",
          "name": "cbcmodernwarfare:apds_shot",
          "weight": 2,
          "functions": [
            {
              "function": "set_count",
              "count": {
                "min": 12,
                "max": 36
              }
            }
          ]
        }
      ]
    },
    {
      "rolls": {
        "min": 1,
        "max": 2
      },
      "entries": [
        {
          "type": "minecraft:item",
          "name": "createbigcannons:powder_charge",
          "weight": 2,
          "functions": [
            {
              "function": "set_count",
              "count": {
                "min": 12,
                "max": 48
              }
            }
          ]
        },
        {
          "type": "minecraft:item",
          "name": "createbigcannons:big_cartridge",
          "weight": 5,
          "functions": [
            {
              "function": "set_count",
              "count": {
                "min": 8,
                "max": 24
              }
            },
            {
              "function": "set_nbt",
              "tag": "{Power:4}"
            }
          ]
        },
        {
          "type": "minecraft:item",
          "name": "createbigcannons:big_cartridge",
          "weight": 1,
          "functions": [
            {
              "function": "set_count",
              "count": {
                "min": 8,
                "max": 24
              }
            },
            {
              "function": "set_nbt",
              "tag": "{Power:6}"
            }
          ]
        },
        {
          "type": "minecraft:item",
          "name": "createbigcannons:nitropowder",
          "weight": 3,
          "functions": [
            {
              "function": "set_count",
              "count": {
                "min": 8,
                "max": 32
              }
            }
          ]
        }
      ]
    },
    {
      "rolls": {
        "min": 1,
        "max": 2
      },
      "entries": [
        {
          "type": "minecraft:item",
          "name": "createbigcannons:impact_fuze",
          "weight": 3,
          "functions": [
            {
              "function": "set_count",
              "count": {
                "min": 8,
                "max": 24
              }
            }
          ]
        },
        {
          "type": "minecraft:item",
          "name": "createbigcannons:timed_fuze",
          "weight": 1,
          "functions": [
            {
              "function": "set_count",
              "count": {
                "min": 8,
                "max": 24
              }
            }
          ]
        },
        {
          "type": "minecraft:item",
          "name": "createbigcannons:proximity_fuze",
          "weight": 1,
          "functions": [
            {
              "function": "set_count",
              "count": {
                "min": 8,
                "max": 24
              }
            }
          ]
        },
        {
          "type": "minecraft:item",
          "name": "createbigcannons:delayed_impact_fuze",
          "weight": 1,
          "functions": [
            {
              "function": "set_count",
              "count": {
                "min": 8,
                "max": 24
              }
            }
          ]
        }
      ]
    }
  ]
}
