{
  "name": "dungeons_arise:guns/full_range_guns",
  "fallback": "minecraft:empty",
  "elements": [
    {
      "weight": 10,
      "element": {
        "location": "dungeons_arise:guns/full_range_gun_ap",
        "processors": "minecraft:empty",
        "projection": "rigid",
        "element_type": "minecraft:legacy_single_pool_element"
      }
    },
    {
      "weight": 8,
      "element": {
        "location": "dungeons_arise:guns/full_range_gun_he",
        "processors": "minecraft:empty",
        "projection": "rigid",
        "element_type": "minecraft:legacy_single_pool_element"
      }
    },
    {
      "weight": 5,
      "element": {
        "location": "dungeons_arise:guns/full_range_gun_sap",
        "processors": "minecraft:empty",
        "projection": "rigid",
        "element_type": "minecraft:legacy_single_pool_element"
      }
    },
    {
      "weight": 12,
      "element": {
        "location": "dungeons_arise:guns/full_range_gun_grape",
        "processors": "minecraft:empty",
        "projection": "rigid",
        "element_type": "minecraft:legacy_single_pool_element"
      }
    },
    {
      "weight": 6,
      "element": {
        "location": "dungeons_arise:guns/full_range_gun_sharpnel",
        "processors": "minecraft:empty",
        "projection": "rigid",
        "element_type": "minecraft:legacy_single_pool_element"
      }
    }
  ]
}
