{
  "name": "dungeons_arise:guns/ranged_guns_90",
  "fallback": "minecraft:empty",
  "elements": [
    {
      "weight": 8,
      "element": {
        "location": "dungeons_arise:guns/ranged_guns_90_ap",
        "processors": "minecraft:empty",
        "projection": "rigid",
        "element_type": "minecraft:legacy_single_pool_element"
      }
    },
    {
      "weight": 10,
      "element": {
        "location": "dungeons_arise:guns/ranged_guns_90_he",
        "processors": "minecraft:empty",
        "projection": "rigid",
        "element_type": "minecraft:legacy_single_pool_element"
      }
    },
    {
      "weight": 6,
      "element": {
        "location": "dungeons_arise:guns/ranged_guns_90_sap",
        "processors": "minecraft:empty",
        "projection": "rigid",
        "element_type": "minecraft:legacy_single_pool_element"
      }
    },
    {
      "weight": 7,
      "element": {
        "location": "dungeons_arise:guns/ranged_guns_90_grape",
        "processors": "minecraft:empty",
        "projection": "rigid",
        "element_type": "minecraft:legacy_single_pool_element"
      }
    }
  ]
}
