{
  "type": "minecraft:chest",
  "pools": [
    {
      "rolls": {
        "min": 1,
        "max": 1
      },
      "entries": [
        {
          "type": "minecraft:item",
          "name": "create:minecart_contraption",
          "weight": 1,
          "functions": [
            {
              "function": "set_nbt",
              "tag": "{Contraption:{Actors:[],Anchor:{X:-1038,Y:80,Z:147},Blocks:{BlockList:[{Pos:-274877906944L,State:0},{Pos:-549755805696L,State:0},{Pos:0L,State:1},{Data:{FrequencyFirst:{Count:1b,id:\"minecraft:air\",tag:{}},FrequencyLast:{Count:1b,id:\"minecraft:air\",tag:{}},LastKnownPosition:-285598144716720L,Receive:0,ReceivedChanged:0b,Transmit:0,Transmitter:1b,id:\"create:redstone_link\"},Pos:-4096L,State:2},{Data:{Speed:0.0f,id:\"create:gearshift\"},Pos:-549755813888L,State:3},{Data:{OutputBuffer:{Items:[],Size:8},id:\"create:depot\"},Pos:-274877898752L,State:4},{Pos:-8192L,State:5},{Data:{Speed:0.0f,id:\"create_connected:inverted_clutch\"},Pos:-274877911040L,State:6},{Data:{FrequencyFirst:{Count:1b,id:\"minecraft:air\",tag:{}},FrequencyLast:{Count:1b,id:\"minecraft:air\",tag:{}},LastKnownPosition:-286147900526512L,Receive:0,ReceivedChanged:0b,Transmit:0,Transmitter:1b,id:\"create:redstone_link\"},Pos:-824633720832L,State:7},{Data:{CannonPitch:0.0f,CannonYaw:180.0f,Running:0b,Speed:0.0f,YawSpeed:0.0f,id:\"createbigcannons:cannon_mount\"},Pos:-12288L,State:8},{Data:{Speed:0.0f,id:\"create:encased_shaft\"},Pos:-274877915136L,State:9},{Data:{FrequencyFirst:{Count:1b,id:\"minecraft:air\",tag:{}},FrequencyLast:{Count:1b,id:\"minecraft:air\",tag:{}},LastKnownPosition:-286147900530608L,Receive:0,ReceivedChanged:0b,Transmit:0,Transmitter:1b,id:\"create:redstone_link\"},Pos:-549755817984L,State:7},{Data:{FrequencyFirst:{Count:1b,id:\"minecraft:air\",tag:{}},FrequencyLast:{Count:1b,id:\"minecraft:air\",tag:{}},LastKnownPosition:-285598144729008L,Receive:0,ReceivedChanged:0b,Transmit:0,Transmitter:1b,id:\"create:redstone_link\"},Pos:-16384L,State:10},{Data:{Speed:0.0f,id:\"create_connected:brass_gearbox\"},Pos:-274877919232L,State:11},{Pos:-549755822080L,State:5},{Data:{CannonPitch:0.0f,CannonYaw:180.0f,Running:0b,Speed:0.0f,YawSpeed:0.0f,id:\"createbigcannons:cannon_mount\"},Pos:-549755826176L,State:8},{Data:{FrequencyFirst:{Count:1b,id:\"minecraft:air\",tag:{}},FrequencyLast:{Count:1b,id:\"minecraft:air\",tag:{}},LastKnownPosition:-286147900542896L,Receive:0,ReceivedChanged:0b,Transmit:0,Transmitter:1b,id:\"create:redstone_link\"},Pos:-549755830272L,State:10},{Data:{Speed:0.0f,id:\"create_connected:encased_chain_cogwheel\"},Pos:-824633720831L,State:12},{Data:{Goggles:0b,HeldItem:{Count:1b,id:\"minecraft:air\",tag:{}},InteractionPoints:[{Mode:\"TAKE\",Pos:{X:-1,Y:-1,Z:2},Type:\"create:depot\"},{Mode:\"TAKE\",Pos:{X:1,Y:-1,Z:2},Type:\"create:depot\"},{Mode:\"DEPOSIT\",Pos:{X:1,Y:0,Z:0},Type:\"create:chute\"},{Mode:\"DEPOSIT\",Pos:{X:1,Y:-1,Z:-3},Type:\"createbigcannons:cannon_mount\"}],MovementProgress:0.0f,Owner:[I;-2112253487,-268876289,-1568327221,1359702892],Phase:\"SEARCH_INPUTS\",Powered:0b,ScrollValue:0,Speed:0.0f,TargetPointIndex:0,id:\"create:mechanical_arm\"},Pos:-549755813887L,State:13},{Data:{Speed:0.0f,id:\"create_connected:encased_chain_cogwheel\"},Pos:-824633716735L,State:14},{Data:{BottomAirFlowDistance:0.0f,Filter:{Count:1b,id:\"createbigcannons:big_cartridge\",tag:{Power:0}},FilterAmount:64,Item:{Count:1b,id:\"minecraft:air\",tag:{}},ItemPosition:0.0f,Owner:[I;-2112253487,-268876289,-1568327221,1359702892],Pull:0.0f,Push:0.0f,UpTo:1b,id:\"create:smart_chute\"},Pos:-274877906943L,State:15},{Data:{Speed:0.0f,id:\"create:simple_kinetic\"},Pos:-549755809791L,State:16},{Data:{Filter:{Count:1b,id:\"minecraft:air\",tag:{}},FilterAmount:64,TransferCooldown:0,UpTo:1b,id:\"create:funnel\"},Pos:-824633712639L,State:17},{Pos:1L,State:18},{Data:{Items:[],id:\"minecraft:barrel\"},Pos:-549755805695L,State:19},{Data:{Filter:{Count:1b,id:\"minecraft:air\",tag:{}},FilterAmount:64,TransferCooldown:0,UpTo:1b,id:\"create:funnel\"},Pos:-274877898751L,State:20},{Data:{Goggles:0b,HeldItem:{Count:1b,id:\"minecraft:air\",tag:{}},InteractionPoints:[{Mode:\"TAKE\",Pos:{X:1,Y:-1,Z:3},Type:\"create:depot\"},{Mode:\"TAKE\",Pos:{X:-1,Y:-1,Z:3},Type:\"create:depot\"},{Mode:\"DEPOSIT\",Pos:{X:-1,Y:-1,Z:-2},Type:\"createbigcannons:cannon_mount\"},{Mode:\"DEPOSIT\",Pos:{X:1,Y:0,Z:1},Type:\"create:chute\"}],MovementProgress:0.0f,Owner:[I;-2112253487,-268876289,-1568327221,1359702892],Phase:\"SEARCH_INPUTS\",Powered:0b,ScrollValue:0,Speed:0.0f,TargetPointIndex:0,id:\"create:mechanical_arm\"},Pos:-274877911039L,State:13},{Pos:-824633716736L,State:0},{Data:{HasAttachedComputer:0b,ScrollValue:12,Speed:0.0f,id:\"create:rotation_speed_controller\"},Pos:-549755809792L,State:21},{Data:{OutputBuffer:{Items:[],Size:8},id:\"create:depot\"},Pos:-824633712640L,State:4}],Palette:[{Name:\"cbcmodernwarfare:composite_block\"},{Name:\"create:minecart_anchor\",Properties:{axis:\"z\"}},{Name:\"create:redstone_link\",Properties:{facing:\"east\",powered:\"false\",receiver:\"false\"}},{Name:\"create:gearshift\",Properties:{axis:\"z\",powered:\"false\"}},{Name:\"create:depot\",Properties:{waterlogged:\"false\"}},{Name:\"minecraft:lever\",Properties:{face:\"wall\",facing:\"south\",powered:\"false\"}},{Name:\"create_connected:inverted_clutch\",Properties:{axis:\"z\",powered:\"false\"}},{Name:\"create:redstone_link\",Properties:{facing:\"west\",powered:\"false\",receiver:\"false\"}},{Name:\"createbigcannons:cannon_mount\",Properties:{assembly_powered:\"false\",facing:\"north\",fire_powered:\"false\"}},{Name:\"create:brass_encased_shaft\",Properties:{axis:\"z\"}},{Name:\"create:redstone_link\",Properties:{facing:\"north\",powered:\"false\",receiver:\"false\"}},{Name:\"create_connected:brass_gearbox\",Properties:{axis:\"y\",face_1_flipped:\"true\",face_2_flipped:\"true\",face_3_flipped:\"true\",face_4_flipped:\"false\"}},{Name:\"create_connected:encased_chain_cogwheel\",Properties:{axis:\"y\",axis_along_first:\"false\",part:\"start\"}},{Name:\"create:mechanical_arm\",Properties:{ceiling:\"false\"}},{Name:\"create_connected:encased_chain_cogwheel\",Properties:{axis:\"x\",axis_along_first:\"false\",part:\"end\"}},{Name:\"create:smart_chute\",Properties:{powered:\"false\"}},{Name:\"create:large_cogwheel\",Properties:{axis:\"x\",waterlogged:\"false\"}},{Name:\"create:brass_belt_funnel\",Properties:{facing:\"west\",powered:\"false\",shape:\"pushing\",waterlogged:\"false\"}},{Name:\"minecraft:oak_planks\"},{Name:\"minecraft:barrel\",Properties:{facing:\"south\",open:\"false\"}},{Name:\"create:brass_belt_funnel\",Properties:{facing:\"east\",powered:\"false\",shape:\"pushing\",waterlogged:\"false\"}},{Name:\"create:rotation_speed_controller\",Properties:{axis:\"z\"}}]},BottomlessSupply:0b,BoundsFront:[-6.0f,0.0f,-6.0f,7.0f,2.0f,7.0f],CapturedMultiblocks:[],DisabledActors:[],FluidFuelStorage:[],FluidStorage:[],InitialOrientation:\"NORTH\",Interactors:[{Pos:{X:-1,Y:0,Z:-2}},{Pos:{X:-3,Y:0,Z:-2}}],Passengers:[],RotationMode:\"ROTATE\",Seats:[],Stalled:0b,Storage:[{Data:{Items:[],Size:27},Pos:{X:-2,Y:1,Z:2}}],SubContraptions:[],Superglue:[{From:[-3.0d,0.0d,-4.0d],To:[0.0d,2.0d,3.0d]},{From:[-1.0d,1.0d,0.0d],To:[1.0d,2.0d,1.0d]}],Type:\"mounted\"},display:{Lore:['{\"italic\":false,\"color\":\"white\",\"extra\":[{\"text\":\"\"},{\"color\":\"gray\",\"text\":\"放置于转轴右侧第三格\"}],\"text\":\"\"}'],Name:'{\"italic\":false,\"extra\":[{\"text\":\"\"},{\"text\":\"通用双联装炮塔\"}],\"text\":\"\"}'}}"
            }
          ]
        }
      ]
    }
  ]
}