{
  "type": "minecraft:chest",
  "pools": [
    {
      "rolls": {
        "min": 1,
        "max": 1
      },
      "entries": [
        {
          "type": "minecraft:item",
          "name": "create:minecart_contraption",
          "weight": 1,
          "functions": [
            {
              "function": "set_nbt",
              "tag": "{Contraption:{Actors:[{Data:{SeatIndex:0},FirstMovement:0b,Motion:[0.0d,0.0d,0.0d],Pos:{X:0,Y:1,Z:0},RelativeMotion:[0.0d,0.0d,0.0d],Stall:0b},{Data:{BreakerId:-55},FirstMovement:0b,Motion:[0.0d,0.0d,0.0d],Pos:{X:2,Y:1,Z:0},RelativeMotion:[0.0d,0.0d,0.0d],Stall:0b},{Data:{BreakerId:-56},FirstMovement:0b,Motion:[0.0d,0.0d,0.0d],Pos:{X:-2,Y:0,Z:0},RelativeMotion:[0.0d,0.0d,0.0d],Stall:0b},{Data:{BreakerId:-57},FirstMovement:0b,Motion:[0.0d,0.0d,0.0d],Pos:{X:2,Y:0,Z:0},RelativeMotion:[0.0d,0.0d,0.0d],Stall:0b},{Data:{BreakerId:-58},FirstMovement:0b,Motion:[0.0d,0.0d,0.0d],Pos:{X:2,Y:2,Z:0},RelativeMotion:[0.0d,0.0d,0.0d],Stall:0b},{Data:{BreakerId:-59},FirstMovement:0b,Motion:[0.0d,0.0d,0.0d],Pos:{X:2,Y:1,Z:-1},RelativeMotion:[0.0d,0.0d,0.0d],Stall:0b},{Data:{BreakerId:-60},FirstMovement:0b,Motion:[0.0d,0.0d,0.0d],Pos:{X:2,Y:1,Z:1},RelativeMotion:[0.0d,0.0d,0.0d],Stall:0b},{Data:{BreakerId:-61},FirstMovement:0b,Motion:[0.0d,0.0d,0.0d],Pos:{X:2,Y:0,Z:-1},RelativeMotion:[0.0d,0.0d,0.0d],Stall:0b},{Data:{BreakerId:-62},FirstMovement:0b,Motion:[0.0d,0.0d,0.0d],Pos:{X:2,Y:0,Z:1},RelativeMotion:[0.0d,0.0d,0.0d],Stall:0b},{Data:{BreakerId:-63},FirstMovement:0b,Motion:[0.0d,0.0d,0.0d],Pos:{X:2,Y:2,Z:-1},RelativeMotion:[0.0d,0.0d,0.0d],Stall:0b},{Data:{BreakerId:-64},FirstMovement:0b,Motion:[0.0d,0.0d,0.0d],Pos:{X:2,Y:2,Z:1},RelativeMotion:[0.0d,0.0d,0.0d],Stall:0b},{Data:{},FirstMovement:0b,Motion:[0.0d,0.0d,0.0d],Pos:{X:-2,Y:2,Z:1},RelativeMotion:[0.0d,0.0d,0.0d],Stall:0b},{Data:{},FirstMovement:0b,Motion:[0.0d,0.0d,0.0d],Pos:{X:-2,Y:1,Z:1},RelativeMotion:[0.0d,0.0d,0.0d],Stall:0b},{Data:{},FirstMovement:0b,Motion:[0.0d,0.0d,0.0d],Pos:{X:-2,Y:0,Z:1},RelativeMotion:[0.0d,0.0d,0.0d],Stall:0b},{Data:{HeldItem:{Count:1b,id:\"minecraft:air\",tag:{}}},FirstMovement:0b,Motion:[0.0d,0.0d,0.0d],Pos:{X:1,Y:2,Z:0},RelativeMotion:[0.0d,0.0d,0.0d],Stall:0b}],Anchor:{X:-1044,Y:78,Z:188},Blocks:{BlockList:[{Data:{NextTick:0,Progress:0,Speed:0.0f,id:\"create:drill\"},Pos:549755813890L,State:0},{Data:{NextTick:0,Progress:0,Speed:0.0f,id:\"create:drill\"},Pos:824633716738L,State:0},{Data:{Controller:{X:-1,Y:0,Z:1},Inventory:{Items:[],Size:20},Length:3,Size:1,StorageType:\"CombinedInv\",id:\"create:item_vault\"},Pos:-274877902848L,State:1},{Data:{Controller:{X:1,Y:2,Z:1},Inventory:{Items:[],Size:20},LastKnownPos:{X:0,Y:-2147483646,Z:0},Length:0,Size:0,StorageType:\"CombinedInv\",id:\"create:item_vault\"},Pos:274877911042L,State:1},{Pos:0L,State:2},{Pos:-549755813888L,State:3},{Data:{NextTick:0,Progress:0,Speed:0.0f,id:\"create:drill\"},Pos:549755817986L,State:0},{Pos:-4096L,State:4},{Pos:549755809794L,State:4},{Data:{Controller:{X:-1,Y:0,Z:1},Inventory:{Items:[],Size:20},StorageType:\"CombinedInv\",id:\"create:item_vault\"},Pos:4096L,State:1},{Data:{NextTick:0,Progress:0,Speed:0.0f,id:\"create:drill\"},Pos:549755813888L,State:0},{Data:{EnableCT:1b,Item:{Count:1b,id:\"create:andesite_casing\"},Material:{Name:\"create:andesite_casing\"},id:\"create:copycat\"},Pos:-824633720832L,State:5},{Pos:-274877911040L,State:4},{Data:{EnableCT:1b,Item:{Count:1b,id:\"create:andesite_casing\"},Material:{Name:\"create:andesite_casing\"},id:\"create:copycat\"},Pos:274877902850L,State:6},{Data:{Controller:{X:1,Y:0,Z:1},Inventory:{Items:[],Size:20},LastKnownPos:{X:0,Y:-2147483646,Z:0},Length:0,Size:0,StorageType:\"CombinedInv\",id:\"create:item_vault\"},Pos:274877911040L,State:1},{Data:{NextTick:0,Progress:0,Speed:0.0f,id:\"create:drill\"},Pos:549755817984L,State:0},{Data:{EnableCT:1b,Item:{Count:1b,id:\"create:andesite_casing\"},Material:{Name:\"create:andesite_casing\"},id:\"create:copycat\"},Pos:-549755817984L,State:5},{Data:{EnableCT:1b,Item:{Count:1b,id:\"create:andesite_casing\"},Material:{Name:\"create:andesite_casing\"},id:\"create:copycat\"},Pos:-4094L,State:6},{Data:{EnableCT:1b,Item:{Count:1b,id:\"create:andesite_casing\"},Material:{Name:\"create:andesite_casing\"},id:\"create:copycat\"},Pos:-274877911038L,State:6},{Data:{EnableCT:1b,Item:{Count:1b,id:\"create:andesite_casing\"},Material:{Name:\"create:andesite_casing\"},id:\"create:copycat\"},Pos:-549755817982L,State:5},{Data:{EnableCT:1b,Item:{Count:1b,id:\"create:andesite_casing\"},Material:{Name:\"create:andesite_casing\"},id:\"create:copycat\"},Pos:-824633720831L,State:5},{Data:{Items:[],id:\"minecraft:barrel\"},Pos:-549755813887L,State:7},{Data:{EnableCT:1b,Item:{Count:1b,id:\"create:andesite_casing\"},Material:{Name:\"create:andesite_casing\"},id:\"create:copycat\"},Pos:-824633716735L,State:5},{Data:{Items:[],id:\"minecraft:barrel\"},Pos:-274877906943L,State:7},{Data:{Distance:0.0f,Powered:0b,ScrollValue:0,Timer:0,id:\"create:portable_storage_interface\"},Pos:-549755809791L,State:8},{Pos:1L,State:9},{Data:{NextTick:0,Progress:0,Speed:0.0f,id:\"create:drill\"},Pos:824633716737L,State:0},{Data:{Controller:{X:-1,Y:1,Z:1},Inventory:{Items:[],Size:20},Length:3,Size:1,StorageType:\"CombinedInv\",id:\"create:item_vault\"},Pos:-274877902847L,State:1},{Data:{Items:[],id:\"minecraft:barrel\"},Pos:274877906945L,State:10},{Data:{Controller:{X:-1,Y:1,Z:1},Inventory:{Items:[],Size:20},StorageType:\"CombinedInv\",id:\"create:item_vault\"},Pos:4097L,State:1},{Pos:549755809793L,State:4},{Data:{NextTick:0,Progress:0,Speed:0.0f,id:\"create:drill\"},Pos:549755813889L,State:0},{Data:{Controller:{X:1,Y:1,Z:1},Inventory:{Items:[],Size:20},LastKnownPos:{X:0,Y:-2147483646,Z:0},Length:0,Size:0,StorageType:\"CombinedInv\",id:\"create:item_vault\"},Pos:274877911041L,State:1},{Data:{NextTick:0,Progress:0,Speed:0.0f,id:\"create:drill\"},Pos:549755817985L,State:0},{Data:{EnableCT:1b,Item:{Count:1b,id:\"create:andesite_casing\"},Material:{Name:\"create:andesite_casing\"},id:\"create:copycat\"},Pos:-549755817983L,State:5},{Data:{EnableCT:1b,Item:{Count:1b,id:\"create:andesite_casing\"},Material:{Name:\"create:andesite_casing\"},id:\"create:copycat\"},Pos:-824633720830L,State:5},{Data:{EnableCT:1b,Item:{Count:1b,id:\"create:andesite_casing\"},Material:{Name:\"create:andesite_casing\"},id:\"create:copycat\"},Pos:-824633716734L,State:5},{Data:{Items:[],id:\"minecraft:barrel\"},Pos:-549755813886L,State:7},{Data:{Distance:0.0f,Powered:0b,ScrollValue:0,Timer:0,id:\"create:portable_storage_interface\"},Pos:-549755809790L,State:8},{Data:{Items:[],id:\"minecraft:barrel\"},Pos:-274877906942L,State:7},{Data:{NextTick:0,Progress:0,Speed:0.0f,id:\"create:drill\"},Pos:824633716736L,State:0},{Data:{EnableCT:1b,Item:{Count:1b,id:\"create:andesite_casing\"},Material:{Name:\"create:andesite_casing\"},id:\"create:copycat\"},Pos:-824633716736L,State:5},{Data:{Controller:{X:-1,Y:2,Z:1},Inventory:{Items:[],Size:20},Length:3,Size:1,StorageType:\"CombinedInv\",id:\"create:item_vault\"},Pos:-274877902846L,State:1},{Pos:2L,State:11},{Data:{Distance:0.0f,Powered:0b,ScrollValue:0,Timer:0,id:\"create:portable_storage_interface\"},Pos:-549755809792L,State:8},{Data:{Controller:{X:-1,Y:2,Z:1},Inventory:{Items:[],Size:20},StorageType:\"CombinedInv\",id:\"create:item_vault\"},Pos:4098L,State:1},{Data:{Filter:{Count:2b,id:\"minecraft:rail\"},FilterAmount:64,HeldItem:{Count:1b,id:\"minecraft:air\",tag:{}},Inventory:[],Mode:\"USE\",Overflow:[],Powered:0b,ScrollValue:0,Speed:0.0f,State:\"WAITING\",Timer:0,UpTo:1b,id:\"create:deployer\"},Pos:274877906946L,State:12},{Pos:549755809792L,State:4}],Palette:[{Name:\"create:mechanical_drill\",Properties:{facing:\"east\",waterlogged:\"false\"}},{Name:\"create:item_vault\",Properties:{axis:\"x\",large:\"false\"}},{Name:\"create:minecart_anchor\",Properties:{axis:\"x\"}},{Name:\"create:mechanical_plough\",Properties:{facing:\"east\",waterlogged:\"false\"}},{Name:\"create:andesite_casing\"},{Name:\"create:copycat_panel\",Properties:{facing:\"west\",waterlogged:\"false\"}},{Name:\"create:copycat_panel\",Properties:{facing:\"down\",waterlogged:\"false\"}},{Name:\"minecraft:barrel\",Properties:{facing:\"north\",open:\"false\"}},{Name:\"create:portable_storage_interface\",Properties:{facing:\"south\"}},{Name:\"create:red_seat\",Properties:{waterlogged:\"false\"}},{Name:\"minecraft:barrel\",Properties:{facing:\"west\",open:\"false\"}},{Name:\"create:train_trapdoor\",Properties:{facing:\"east\",half:\"top\",open:\"false\",powered:\"false\",waterlogged:\"false\"}},{Name:\"create:deployer\",Properties:{axis_along_first:\"true\",facing:\"down\"}}]},BottomlessSupply:0b,BoundsFront:[-5.0f,0.0f,-5.0f,6.0f,3.0f,6.0f],CapturedMultiblocks:[{Controller:{X:-1,Y:0,Z:1},Parts:[{X:-1,Y:0,Z:1},{X:0,Y:0,Z:1}]},{Controller:{X:-1,Y:2,Z:1},Parts:[{X:-1,Y:2,Z:1},{X:0,Y:2,Z:1}]},{Controller:{X:-1,Y:1,Z:1},Parts:[{X:-1,Y:1,Z:1},{X:0,Y:1,Z:1}]}],DisabledActors:[],FluidFuelStorage:[],FluidStorage:[],InitialOrientation:\"EAST\",Interactors:[{Pos:{X:0,Y:2,Z:0}},{Pos:{X:0,Y:1,Z:0}},{Pos:{X:1,Y:2,Z:0}}],Passengers:[],RotationMode:\"ROTATE\",Seats:[{X:0,Y:1,Z:0}],Stalled:0b,Storage:[{Data:{Items:[],NoFuel:1b,Size:20},Pos:{X:-1,Y:0,Z:1}},{Data:{Items:[],NoFuel:1b,Size:20},Pos:{X:0,Y:0,Z:1}},{Data:{Items:[],NoFuel:1b,Size:20},Pos:{X:1,Y:0,Z:1}},{Data:{Items:[],Size:27},Pos:{X:-2,Y:1,Z:0}},{Data:{Items:[],Size:27},Pos:{X:-1,Y:1,Z:0}},{Data:{Items:[],Size:27},Pos:{X:1,Y:1,Z:0}},{Data:{Items:[],NoFuel:1b,Size:20},Pos:{X:-1,Y:1,Z:1}},{Data:{Items:[],NoFuel:1b,Size:20},Pos:{X:0,Y:1,Z:1}},{Data:{Items:[],NoFuel:1b,Size:20},Pos:{X:1,Y:1,Z:1}},{Data:{Items:[],Size:27},Pos:{X:-2,Y:2,Z:0}},{Data:{Items:[],Size:27},Pos:{X:-1,Y:2,Z:0}},{Data:{Items:[],NoFuel:1b,Size:20},Pos:{X:-1,Y:2,Z:1}},{Data:{Items:[],NoFuel:1b,Size:20},Pos:{X:0,Y:2,Z:1}},{Data:{Items:[],NoFuel:1b,Size:20},Pos:{X:1,Y:2,Z:1}}],SubContraptions:[],Superglue:[{From:[-3.0d,2.0d,0.0d],To:[2.0d,3.0d,1.0d]},{From:[-3.0d,0.0d,-1.0d],To:[0.0d,1.0d,0.0d]},{From:[-2.0d,0.0d,0.0d],To:[-1.0d,2.0d,1.0d]},{From:[-2.0d,0.0d,1.0d],To:[0.0d,3.0d,2.0d]},{From:[-3.0d,2.0d,-1.0d],To:[1.0d,3.0d,0.0d]},{From:[-2.0d,2.0d,0.0d],To:[-1.0d,3.0d,2.0d]},{From:[-3.0d,0.0d,-1.0d],To:[-2.0d,3.0d,2.0d]},{From:[1.0d,0.0d,1.0d],To:[2.0d,3.0d,2.0d]},{From:[2.0d,0.0d,-1.0d],To:[3.0d,3.0d,2.0d]},{From:[-1.0d,1.0d,1.0d],To:[1.0d,3.0d,2.0d]},{From:[0.0d,0.0d,1.0d],To:[1.0d,2.0d,2.0d]},{From:[-3.0d,1.0d,0.0d],To:[3.0d,2.0d,1.0d]},{From:[1.0d,2.0d,0.0d],To:[2.0d,3.0d,2.0d]},{From:[1.0d,0.0d,-1.0d],To:[2.0d,3.0d,0.0d]},{From:[0.0d,2.0d,-1.0d],To:[2.0d,3.0d,0.0d]}],Type:\"mounted\"},display:{Lore:['{\"italic\":false,\"color\":\"white\",\"extra\":[{\"text\":\"\"},{\"color\":\"dark_red\",\"text\":\"博丽神社出品\"}],\"text\":\"\"}'],Name:'{\"italic\":false,\"extra\":[{\"text\":\"\"},{\"color\":\"aqua\",\"text\":\"3x3小型盾构机\"}],\"text\":\"\"}'}}"
            }
          ]
        }
      ]
    }
  ]
}