{
  "structures": [
    {
      "structure": "warshiparise:illagia",
      "weight": 8
    },
    {
      "structure": "warshiparise:admiral_bababoi",
      "weight": 7
    },
    {
      "structure": "warshiparise:perseus",
      "weight": 3
    },
    {
      "structure": "warshiparise:comparable",
      "weight": 5
    },
    {
      "structure": "warshiparise:scarlet",
      "weight": 3
    },
    {
      "structure": "warshiparise:admiral_lauda",
      "weight": 4
    },
    {
      "structure": "warshiparise:pareidolia",
      "weight": 5
    },
    {
      "structure": "warshiparise:aurora",
      "weight": 7
    }
  ],
  "placement": {
    "type": "minecraft:random_spread",
    "salt": 305676646,
    "spacing": 72,
    "frequency": 0.8,
    "exclusion_zone": {
      "other_set": "warshiparise:starter_land",
      "chunk_count": 16
    },
    "separation": 15
  }
}
