{
  "structures": [
    {
      "structure": "warshiparise:thunder",
      "weight": 2
    },
    {
      "structure": "warshiparise:pegasus",
      "weight": 2
    },
    {
      "structure": "warshiparise:parasitic",
      "weight": 1
    },
    {
      "structure": "warshiparise:vencido",
      "weight": 2
    },
    {
      "structure": "warshiparise:atlas",
      "weight": 2
    }
  ],
  "placement": {
    "type": "minecraft:random_spread",
    "salt": 1943822894,
    "frequency": 0.75,
    "spacing": 38,
    "exclusion_zone": {
      "other_set": "warshiparise:starter_land",
      "chunk_count": 16
    },
    "separation": 12
  }
}
