{
  "pools": [
    {
      "rolls": {
        "min": 1,
        "max": 3
      },
      "entries": [
        {
          "type": "minecraft:loot_table",
          "name": "warshiparise:chests/resources/resource_cannon",
          "weight": 4
        },
        {
          "type": "minecraft:loot_table",
          "name": "warshiparise:chests/resources/resource_autocannon",
          "weight": 5
        },
        {
          "type": "minecraft:loot_table",
          "name": "warshiparise:chests/resources/resource_cannon_med",
          "weight": 3
        },
        {
          "type": "minecraft:loot_table",
          "name": "warshiparise:chests/resources/resource_create_advanced",
          "weight": 1
        }
      ]
    }
  ]
}
