{
  "pools": [
    {
      "rolls": {
        "min": 3,
        "max": 6
      },
      "entries": [
        {
          "type": "minecraft:loot_table",
          "name": "warshiparise:chests/resources/resource_money",
          "weight": 5
        },
        {
          "type": "minecraft:loot_table",
          "name": "warshiparise:chests/resources/resource_stone_nether",
          "weight": 2
        },
        {
          "type": "minecraft:loot_table",
          "name": "warshiparise:chests/resources/resource_metal_advanced",
          "weight": 3
        },
        {
          "type": "minecraft:loot_table",
          "name": "warshiparise:chests/resources/resource_metal",
          "weight": 9
        }
      ]
    }
  ]
}
