{"type":"minecraft:entity","pools":[{"bonus_rolls":1.0,"entries":[{"type":"minecraft:item","conditions":[{"condition":"minecraft:killed_by_player"}],"functions":[{"add":false,"count":{"type":"minecraft:uniform","max":2.0,"min":1.0},"function":"minecraft:set_count"},{"count":{"type":"minecraft:uniform","max":1.0,"min":0.0},"function":"minecraft:looting_enchant"}],"name":"minecraft:wooden_shovel"},{"type":"minecraft:item","conditions":[{"condition":"minecraft:killed_by_player"}],"functions":[{"add":false,"count":{"type":"minecraft:uniform","max":1.0,"min":0.0},"function":"minecraft:set_count"}],"name":"immersiveengineering:shader_bag_ie_masterwork"}],"rolls":1.0}],"random_sequence":"immersiveengineering:entities/bulwark"}