{
  "type": "minecraft:chest",
  "pools": [
    {
      "rolls": {
        "min": 2,
        "max": 4
      },
      "entries": [
        {
          "type": "minecraft:item",
          "name": "minecraft:clay_ball",
          "weight": 4,
          "functions": [
            {
              "function": "set_count",
              "count": {
                "min": 64,
                "max": 192
              }
            }
          ]
        },
        {
          "type": "minecraft:item",
          "name": "minecraft:gravel",
          "weight": 4,
          "functions": [
            {
              "function": "set_count",
              "count": {
                "min": 32,
                "max": 128
              }
            }
          ]
        },
        {
          "type": "minecraft:item",
          "name": "minecraft:sand",
          "weight": 4,
          "functions": [
            {
              "function": "set_count",
              "count": {
                "min": 32,
                "max": 128
              }
            }
          ]
        },
        {
          "type": "minecraft:item",
          "name": "minecraft:red_sand",
          "weight": 2,
          "functions": [
            {
              "function": "set_count",
              "count": {
                "min": 32,
                "max": 128
              }
            }
          ]
        },
        {
          "type": "minecraft:item",
          "name": "minecraft:cobblestone",
          "weight": 5,
          "functions": [
            {
              "function": "set_count",
              "count": {
                "min": 32,
                "max": 128
              }
            }
          ]
        },
        {
          "type": "minecraft:item",
          "name": "minecraft:stone",
          "weight": 4,
          "functions": [
            {
              "function": "set_count",
              "count": {
                "min": 32,
                "max": 128
              }
            }
          ]
        },
        {
          "type": "minecraft:item",
          "name": "minecraft:granite",
          "weight": 4,
          "functions": [
            {
              "function": "set_count",
              "count": {
                "min": 32,
                "max": 128
              }
            }
          ]
        },
        {
          "type": "minecraft:item",
          "name": "minecraft:diorite",
          "weight": 4,
          "functions": [
            {
              "function": "set_count",
              "count": {
                "min": 32,
                "max": 128
              }
            }
          ]
        },
        {
          "type": "minecraft:item",
          "name": "minecraft:andesite",
          "weight": 4,
          "functions": [
            {
              "function": "set_count",
              "count": {
                "min": 32,
                "max": 128
              }
            }
          ]
        },
        {
          "type": "minecraft:item",
          "name": "minecraft:deepslate",
          "weight": 4,
          "functions": [
            {
              "function": "set_count",
              "count": {
                "min": 32,
                "max": 128
              }
            }
          ]
        },
        {
          "type": "minecraft:item",
          "name": "minecraft:calcite",
          "weight": 3,
          "functions": [
            {
              "function": "set_count",
              "count": {
                "min": 32,
                "max": 128
              }
            }
          ]
        },
        {
          "type": "minecraft:item",
          "name": "minecraft:tuff",
          "weight": 2,
          "functions": [
            {
              "function": "set_count",
              "count": {
                "min": 32,
                "max": 128
              }
            }
          ]
        },
        {
          "type": "minecraft:item",
          "name": "minecraft:dripstone_block",
          "weight": 3,
          "functions": [
            {
              "function": "set_count",
              "count": {
                "min": 32,
                "max": 128
              }
            }
          ]
        },
        {
          "type": "minecraft:item",
          "name": "minecraft:obsidian",
          "weight": 2,
          "functions": [
            {
              "function": "set_count",
              "count": {
                "min": 4,
                "max": 32
              }
            }
          ]
        },
        {
          "type": "minecraft:item",
          "name": "minecraft:cobbled_deepslate",
          "weight": 4,
          "functions": [
            {
              "function": "set_count",
              "count": {
                "min": 32,
                "max": 128
              }
            }
          ]
        }
      ]
    }
  ]
}
