  {
  "pools": [
    {
      "rolls": {
        "min": 1,
        "max": 1
      },
      "entries": [
        {
          "type": "minecraft:loot_table",
          "name": "warshiparise:chests/ship_parts/ship_turret_double",
          "weight": 5
        },
        {
          "type": "minecraft:loot_table",
          "name": "warshiparise:chests/ship_parts/dallas_case",
          "weight": 1
        },
        {
          "type": "minecraft:loot_table",
          "name": "warshiparise:chests/ship_parts/tiny_tbm",
          "weight": 1
        },
        {
          "type": "minecraft:empty",
          "weight": 5
        }
      ]
    }
  ]
}
