{
  "pools": [
    {
      "rolls": {
        "min": 3,
        "max": 5
      },
      "entries": [
        {
          "type": "minecraft:loot_table",
          "name": "warshiparise:chests/resources/resource_clockwork",
          "weight": 3
        },
        {
          "type": "minecraft:loot_table",
          "name": "warshiparise:chests/resources/resource_create",
          "weight": 4
        },
        {
          "type": "minecraft:loot_table",
          "name": "warshiparise:chests/resources/resource_create_advanced",
          "weight": 2
        },
        {
          "type": "minecraft:loot_table",
          "name": "warshiparise:chests/resources/resource_create_electric",
          "weight": 1
        }
      ]
    }
  ]
}
