{
  "pools": [
    {
      "rolls": {
        "min": 1,
        "max": 3
      },
      "entries": [
        {
          "type": "minecraft:loot_table",
          "name": "warshiparise:chests/resources/resource_crops",
          "weight": 3
        },
        {
          "type": "minecraft:loot_table",
          "name": "warshiparise:chests/resources/resource_ender",
          "weight": 1
        },
        {
          "type": "minecraft:loot_table",
          "name": "warshiparise:chests/resources/resource_ruin_ocean",
          "weight": 1
        },
        {
          "type": "minecraft:loot_table",
          "name": "warshiparise:chests/resources/resource_monster",
          "weight": 2
        }
      ]
    }
  ]
}
