{
  "pools": [
    {
      "rolls": {
        "min": 2,
        "max": 5
      },
      "entries": [
        {
          "type": "minecraft:loot_table",
          "name": "warshiparise:chests/resources/resource_stone",
          "weight": 5
        },
        {
          "type": "minecraft:loot_table",
          "name": "warshiparise:chests/resources/resource_woods",
          "weight": 5
        },
        {
          "type": "minecraft:loot_table",
          "name": "warshiparise:chests/resources/resource_wools",
          "weight": 2
        }
      ]
    }
  ]
}
