{
    "type": "minecraft:entity",
    "pools": [
      {
        "bonus_rolls": 0,
        "conditions": [
          {
            "condition": "minecraft:killed_by_player"
          }
        ],
        "entries": [
          {
            "type": "minecraft:item",
            "functions": [
              {
                "add": false,
                "count": {
                  "type": "minecraft:uniform",
                  "max": 1,
                  "min": 0
                },
                "function": "minecraft:set_count"
              },
              {
                "count": {
                  "type": "minecraft:uniform",
                  "max": 1,
                  "min": 0
                },
                "function": "minecraft:looting_enchant"
              }
            ],
            "name": "minecraft:wooden_shovel"
          }
        ],
        "rolls": 1
      }
    ],
    "random_sequence": "minecraft:entities/vindicator"
  }